﻿Place	Bib	Name	First name	Last name	Team name	Team name 2	Category	Gender	Time	Difference	% Back	% Winning	% Average	% Median	Team_Points
1	204	Jayvin Lemieux	Jayvin	Lemieux	HRV	Mt Hood	High School Boys	Male	12:50.1	-	-	100%	29.62%	27.28%	1
2	202	Connor Olsen	Connor	Olsen	SUMMIT	Northern	High School Boys	Male	13:12.4	+0:22.3	+2.90%	97.19%	27.58%	25.17%	2
3	203	Irving Stoller	Irving	Stoller	SUMMIT	Northern	High School Boys	Male	13:20.3	+0:30.2	+3.92%	96.23%	26.86%	24.43%	3
4	205	Eli Shockey	Eli	Shockey	MT VIEW	Southern	High School Boys	Male	13:37.2	+0:47.1	+6.12%	94.24%	25.31%	22.83%	4
5	206	James Adams	James	Adams	SUMMIT	Northern	High School Boys	Male	14:06.1	+1:16.0	+9.87%	91.02%	22.67%	20.10%	5
6	207	Ian Spencer	Ian	Spencer	SUMMIT	Northern	High School Boys	Male	14:29.0	+1:38.9	+12.84%	88.62%	20.58%	17.94%	6
7	213	Toby Spencer	Toby	Spencer	SUMMIT	Northern	High School Boys	Male	14:31.0	+1:40.9	+13.10%	88.42%	20.40%	17.75%	7
8	212	Benjamin Andres	Benjamin	Andres	MT VIEW	Southern	High School Boys	Male	14:36.0	+1:45.9	+13.75%	87.91%	19.94%	17.28%	8
9	216	Stieg Soronen	Stieg	Soronen	SUMMIT	Northern	High School Boys	Male	14:36.7	+1:46.6	+13.84%	87.84%	19.88%	17.21%	-
10	215	Maximus Lancaster	Maximus	Lancaster	SUMMIT	Northern	High School Boys	Male	14:39.6	+1:49.5	+14.22%	87.55%	19.61%	16.94%	-
11	201	Caden Wenger	Caden	Wenger	BEND	Northern	High School Boys	Male	14:45.3	+1:55.2	+14.96%	86.99%	19.09%	16.40%	9
12	214	Christopher Blackburne	Christopher	Blackburne	CORVALLIS	Mt Hood	High School Boys	Male	14:52.0	+2:01.9	+15.83%	86.33%	18.48%	15.77%	10
13	217	Colin Gerald	Colin	Gerald	HRV	Mt Hood	High School Boys	Male	15:14.9	+2:24.8	+18.80%	84.17%	16.38%	13.60%	11
14	235	Fisher Olin	Fisher	Olin	BEND	Northern	High School Boys	Male	15:29.8	+2:39.7	+20.74%	82.82%	15.02%	12.20%	12
15	224	Griffin Ward	Griffin	Ward	MT VIEW	Southern	High School Boys	Male	15:37.7	+2:47.6	+21.76%	82.13%	14.30%	11.45%	13
16	225	Ben Hayner	Ben	Hayner	SISTERS	Northern	High School Boys	Male	15:38.6	+2:48.5	+21.88%	82.05%	14.22%	11.37%	14
17	237	Andrew Schneider	Andrew	Schneider		Independent TC	High School Boys	Male	15:39.2	+2:49.1	+21.96%	82.00%	14.16%	11.31%	-
18	223	Josiah Tranby	Josiah	Tranby	MT VIEW	Southern	High School Boys	Male	15:44.5	+2:54.4	+22.65%	81.54%	13.68%	10.81%	15
19	211	Miles Betts	Miles	Betts	CORVALLIS	Mt Hood	High School Boys	Male	15:49.4	+2:59.3	+23.28%	81.11%	13.23%	10.35%	16
20	243	Theodore White-Moore	Theodore	White-Moore	S EUGENE	Southern	High School Boys	Male	16:13.7	+3:23.6	+26.44%	79.09%	11.01%	8.05%	17
21	226	Finneas Young	Finneas	Young	RV REDMOND	Northern	High School Boys	Male	16:14.3	+3:24.2	+26.52%	79.04%	10.95%	7.99%	18
22	227	Riley Condon	Riley	Condon	MT VIEW	Southern	High School Boys	Male	16:15.3	+3:25.2	+26.65%	78.96%	10.86%	7.90%	19
23	244	Samuel Weed	Samuel	Weed	MT VIEW	Southern	High School Boys	Male	16:27.7	+3:37.6	+28.26%	77.97%	9.73%	6.73%	-
24	251	Benjamin Shaffer	Benjamin	Shaffer	MT VIEW	Southern	High School Boys	Male	16:28.3	+3:38.2	+28.33%	77.92%	9.68%	6.67%	-
25	257	Oliver Davis	Oliver	Davis	MT VIEW	Southern	High School Boys	Male	16:34.2	+3:44.1	+29.10%	77.46%	9.14%	6.11%	-
26	233	Ian MacSween	Ian	MacSween	CALDERA	Southern	High School Boys	Male	16:42.1	+3:52.0	+30.13%	76.85%	8.41%	5.37%	20
27	245	Atticus Gorski	Atticus	Gorski		Independent TC	High School Boys	Male	16:44.6	+3:54.5	+30.45%	76.66%	8.19%	5.13%	-
28	232	Nathan Schneiter	Nathan	Schneiter	BEND	Northern	High School Boys	Male	16:45.2	+3:55.1	+30.53%	76.61%	8.13%	5.08%	21
29	263	Wyatt Holmberg	Wyatt	Holmberg	BEND	Northern	High School Boys	Male	16:45.4	+3:55.3	+30.55%	76.60%	8.11%	5.06%	22
30	222	Oliver Hackenbruck	Oliver	Hackenbruck	SUMMIT	Northern	High School Boys	Male	16:49.1	+3:59.0	+31.03%	76.32%	7.77%	4.71%	-
31	252	Bjørn Swanson	Bjørn	Swanson	HRV	Mt Hood	High School Boys	Male	16:49.6	+3:59.5	+31.10%	76.28%	7.73%	4.66%	23
32	255	Simon Rudolph	Simon	Rudolph	BEND	Northern	High School Boys	Male	17:05.5	+4:15.4	+33.16%	75.10%	6.28%	3.16%	24
33	236	Max Chang	Max	Chang	BEND	Northern	High School Boys	Male	17:10.4	+4:20.3	+33.80%	74.74%	5.83%	2.70%	-
34	276	Clement (Lem) White-Moore	Clement (Lem)	White-Moore	S EUGENE	Southern	High School Boys	Male	17:12.5	+4:22.4	+34.07%	74.59%	5.64%	2.50%	25
35	262	Tate Shays	Tate	Shays	HRV	Mt Hood	High School Boys	Male	17:14.0	+4:23.9	+34.27%	74.48%	5.50%	2.36%	26
36	265	Haven Costello	Haven	Costello	SUMMIT	Northern	High School Boys	Male	17:14.6	+4:24.5	+34.35%	74.43%	5.44%	2.30%	-
37	264	Miles Rydstrom	Miles	Rydstrom	CALDERA	Southern	High School Boys	Male	17:18.3	+4:28.2	+34.83%	74.17%	5.11%	1.95%	27
38	266	Liam Bazzell	Liam	Bazzell	MT VIEW	Southern	High School Boys	Male	17:21.0	+4:30.9	+35.18%	73.98%	4.86%	1.70%	-
39	254	Griffin Doering	Griffin	Doering	SUMMIT	Northern	High School Boys	Male	17:21.6	+4:31.5	+35.26%	73.93%	4.80%	1.64%	-
40	231	Kian Fineran	Kian	Fineran	RPA	Northern	High School Boys	Male	17:30.8	+4:40.7	+36.45%	73.29%	3.96%	0.77%	28
41	256	Teo Galicia	Teo	Galicia	ASHLAND	Southern	High School Boys	Male	17:33.5	+4:43.4	+36.80%	73.10%	3.72%	0.51%	29
42	284	Eli Pixton	Eli	Pixton	CALDERA	Southern	High School Boys	Male	17:44.4	+4:54.3	+38.22%	72.35%	2.72%	-0.51%	30
43	273	Rex Wadsworth	Rex	Wadsworth	BEND	Northern	High School Boys	Male	17:49.1	+4:59.0	+38.83%	72.03%	2.29%	-0.96%	-
44	253	Michal Hudak	Michal	Hudak	MT VIEW	Southern	High School Boys	Male	17:58.4	+5:08.3	+40.03%	71.41%	1.44%	-1.84%	-
45	313	Sterling Phelps	Sterling	Phelps	SISTERS	Northern	High School Boys	Male	18:12.4	+5:22.3	+41.85%	70.50%	0.16%	-3.16%	31
46	282	Finn Stancliff	Finn	Stancliff	RV REDMOND	Northern	High School Boys	Male	18:13.0	+5:22.9	+41.93%	70.46%	0.11%	-3.22%	32
47	285	Mason Jeffiries	Mason	Jeffiries	MT VIEW	Southern	High School Boys	Male	18:16.1	+5:26.0	+42.33%	70.26%	-0.18%	-3.51%	-
48	272	Elias Cunningham	Elias	Cunningham	RV REDMOND	Northern	High School Boys	Male	18:18.7	+5:28.6	+42.67%	70.09%	-0.41%	-3.75%	33
49	261	Thane Georgeton	Thane	Georgeton	BEND	Northern	High School Boys	Male	18:30.9	+5:40.8	+44.25%	69.32%	-1.53%	-4.91%	-
50	297	Aksel Miller	Aksel	Miller	MT VIEW	Southern	High School Boys	Male	18:54.3	+6:04.2	+47.29%	67.89%	-3.67%	-7.12%	-
51	267	Sami Gomez	Sami	Gomez	BEND	Northern	High School Boys	Male	19:09.8	+6:19.7	+49.31%	66.98%	-5.08%	-8.58%	-
52	271	Everett Jones	Everett	Jones	S EUGENE	Southern	High School Boys	Male	19:17.9	+6:27.8	+50.36%	66.51%	-5.82%	-9.34%	34
53	304	Owen Goodman	Owen	Goodman	SUMMIT	Northern	High School Boys	Male	19:21.7	+6:31.6	+50.85%	66.29%	-6.17%	-9.70%	-
54	277	Hayden Beard	Hayden	Beard	RV REDMOND	Northern	High School Boys	Male	19:26.7	+6:36.6	+51.50%	66.01%	-6.63%	-10.18%	35
55	315	Torin Guerrero	Torin	Guerrero	MT VIEW	Southern	High School Boys	Male	19:30.3	+6:40.2	+51.97%	65.80%	-6.96%	-10.52%	-
56	294	Peter Sanders	Peter	Sanders	CORVALLIS	Mt Hood	High School Boys	Male	19:35.7	+6:45.6	+52.67%	65.50%	-7.45%	-11.03%	36
57	296	Andrew Boyd	Andrew	Boyd	SUMMIT	Northern	High School Boys	Male	19:36.7	+6:46.6	+52.80%	65.45%	-7.54%	-11.12%	-
58	283	Connall McMullen	Connall	McMullen	MT VIEW	Southern	High School Boys	Male	19:44.4	+6:54.3	+53.80%	65.02%	-8.25%	-11.85%	-
59	288	Jayden Tranby			MT VIEW	Southern	High School Boys	Male	19:55.0	+7:04.9	+55.17%	64.44%	-9.22%	-12.85%	-
60	325	Green Sutton	Green	Sutton	HRV	Mt Hood	High School Boys	Male	20:02.8	+7:12.7	+56.19%	64.03%	-9.93%	-13.58%	37
61	324	Logan Heyting	Logan	Heyting	RPA	Northern	High School Boys	Male	20:15.8	+7:25.7	+57.88%	63.34%	-11.12%	-14.81%	38
62	291	Timothy Polishchuk	Timothy	Polishchuk	S EUGENE	Southern	High School Boys	Male	20:17.6	+7:27.5	+58.11%	63.25%	-11.28%	-14.98%	39
63	301	Landon Martin	Landon	Martin	MT VIEW	Southern	High School Boys	Male	20:19.4	+7:29.3	+58.34%	63.15%	-11.45%	-15.15%	-
64	303	Solomon Towne	Solomon	Towne	MT VIEW	Southern	High School Boys	Male	20:23.1	+7:33.0	+58.82%	62.96%	-11.78%	-15.50%	-
65	312	Alexander Rhoads	Alexander	Rhoads	SISTERS	Northern	High School Boys	Male	20:27.0	+7:36.9	+59.33%	62.76%	-12.14%	-15.87%	40
66	305	Andrew Schram	Andrew	Schram	S EUGENE	Southern	High School Boys	Male	20:36.8	+7:46.7	+60.60%	62.27%	-13.04%	-16.79%	41
67	307	Graysen Stom	Graysen	Stom	SUMMIT	Northern	High School Boys	Male	20:49.4	+7:59.3	+62.24%	61.64%	-14.19%	-17.98%	-
68	295	Talan Chroninger	Talan	Chroninger	MT VIEW	Southern	High School Boys	Male	21:00.1	+8:10.0	+63.63%	61.11%	-15.17%	-19.00%	-
69	322	Jude Potter	Jude	Potter	RPA	Northern	High School Boys	Male	21:06.5	+8:16.4	+64.46%	60.81%	-15.75%	-19.60%	42
70	316	Samuel Harvey	Samuel	Harvey	MT VIEW	Southern	High School Boys	Male	21:07.1	+8:17.0	+64.54%	60.78%	-15.81%	-19.66%	-
71	334	Benjamin Carleski	Benjamin	Carleski	CORVALLIS	Mt Hood	High School Boys	Male	21:12.6	+8:22.5	+65.25%	60.51%	-16.31%	-20.18%	43
72	314	Judah Tsypin	Judah	Tsypin	HRV	Mt Hood	High School Boys	Male	21:37.8	+8:47.7	+68.52%	59.34%	-18.61%	-22.56%	-
73	281	Oscar Desmond-Cieslowski	Oscar	Desmond-Cieslowski	BEND	Northern	High School Boys	Male	21:48.9	+8:58.8	+69.96%	58.84%	-19.63%	-23.60%	-
74	311	Lucas Creighton	Lucas	Creighton	CALDERA	Southern	High School Boys	Male	22:02.9	+9:12.8	+71.78%	58.21%	-20.90%	-24.93%	44
75	293	Andrew Mauch	Andrew	Mauch	BEND	Northern	High School Boys	Male	22:39.1	+9:49.0	+76.48%	56.66%	-24.21%	-28.34%	-
76	317	Soleimon Kasubhai	Soleimon	Kasubhai	S EUGENE	Southern	High School Boys	Male	22:46.0	+9:55.9	+77.38%	56.38%	-24.84%	-29.00%	-
77	321	Navid Weinstein	Navid	Weinstein	MT VIEW	Southern	High School Boys	Male	22:57.7	+10:07.6	+78.90%	55.90%	-25.91%	-30.10%	-
78	326	Dylan Kamm	Dylan	Kamm	RPA	Northern	High School Boys	Male	23:22.2	+10:32.1	+82.08%	54.92%	-28.15%	-32.41%	45
79	336	Eli Newman	Eli	Newman	ASHLAND	Southern	High School Boys	Male	23:46.9	+10:56.8	+85.29%	53.97%	-30.41%	-34.75%	46
80	333	Aven Loftin-Bruce	Aven	Loftin-Bruce	S EUGENE	Southern (TNW)	High School Boys	Male	24:16.8	+11:26.7	+89.17%	52.86%	-33.14%	-37.57%	-
81	332	Charlie Coughlan	Charlie	Coughlan	S EUGENE	Southern	High School Boys	Male	25:10.3	+12:20.2	+96.12%	50.99%	-38.03%	-42.62%	-
82	335	Emmett Coughlan	Emmett	Coughlan	S EUGENE	Southern	High School Boys	Male	26:57.8	+14:07.7	+110.08%	47.60%	-47.86%	-52.77%	-
-	221	Harrison Swift	Harrison	Swift	RV REDMOND	Northern	High School Boys	Male	DNS	-	-	-	-	-	-
-	234	Milo Krigbaum	Milo	Krigbaum	BEND	Northern	High School Boys	Male	DNS	-	-	-	-	-	-
-	274	Forrest Diem	Forrest	Diem	HRV	Mt Hood	High School Boys	Male	DNS	-	-	-	-	-	-
-	275	Sebastian Mente	Sebastian	Mente	RPA	Northern	High School Boys	Male	DNS	-	-	-	-	-	-
-	287	Johann Dechet-Wetzel	Johann	Dechet-Wetzel		Independent TC	High School Boys	Male	DNS	-	-	-	-	-	-
-	292	James Snyder	James	Snyder	RV REDMOND	Northern	High School Boys	Male	DNS	-	-	-	-	-	-
-	302	Ghost Ghost	Jayden	Tranby	MT VIEW	Southern (OFS)	High School Boys	Male	DNS	-	-	-	-	-	-
-	323	Cj Waite	Cj	Waite	RV REDMOND	Northern	High School Boys	Male	DNS	-	-	-	-	-	-
-	327	Lucas Amarotico	Lucas	Amarotico	ASHLAND	Southern	High School Boys	Male	DNS	-	-	-	-	-	-
