﻿Place	Bib	Name	First name	Last name	Team name	Team name 2	Category	Gender	Time	Difference	% Back	% Winning	% Average	% Median	Team_Points
1	204	Jayvin Lemieux	Jayvin	Lemieux	HRV	Mt Hood	High School Boys	Male	13:41.5	-	-	100%	31.65%	30.23%	1
2	205	Eli Shockey	Eli	Shockey	MT VIEW	Southern	High School Boys	Male	14:12.3	+0:30.8	+3.75%	96.39%	29.08%	27.61%	2
3	203	Irving Stoller	Irving	Stoller	SUMMIT	Northern	High School Boys	Male	14:26.3	+0:44.8	+5.45%	94.83%	27.92%	26.42%	3
4	202	Connor Olsen	Connor	Olsen	SUMMIT	Northern	High School Boys	Male	14:33.8	+0:52.3	+6.37%	94.01%	27.29%	25.79%	4
5	206	James Adams	James	Adams	SUMMIT	Northern	High School Boys	Male	15:02.9	+1:21.4	+9.91%	90.98%	24.87%	23.31%	5
6	213	Toby Spencer	Toby	Spencer	SUMMIT	Northern	High School Boys	Male	15:03.9	+1:22.4	+10.03%	90.88%	24.79%	23.23%	6
7	201	Caden Wenger	Caden	Wenger	BEND	Northern	High School Boys	Male	15:14.5	+1:33.0	+11.32%	89.83%	23.91%	22.33%	7
8	207	Ian Spencer	Ian	Spencer	SUMMIT	Northern	High School Boys	Male	15:15.3	+1:33.8	+11.42%	89.75%	23.84%	22.26%	8
9	214	Christopher Blackburne	Christopher	Blackburne	CORVALLIS	Mt Hood	High School Boys	Male	15:17.9	+1:36.4	+11.73%	89.50%	23.63%	22.04%	9
10	212	Benjamin Andres	Benjamin	Andres	MT VIEW	Southern	High School Boys	Male	15:35.6	+1:54.1	+13.89%	87.80%	22.15%	20.54%	10
11	216	Stieg Soronen	Stieg	Soronen	SUMMIT	Northern	High School Boys	Male	15:50.5	+2:09.0	+15.70%	86.43%	20.91%	19.27%	-
12	224	Griffin Ward	Griffin	Ward	MT VIEW	Southern	High School Boys	Male	16:18.3	+2:36.8	+19.09%	83.97%	18.60%	16.91%	11
13	215	Maximus Lancaster	Maximus	Lancaster	SUMMIT	Northern	High School Boys	Male	16:36.5	+2:55.0	+21.30%	82.44%	17.09%	15.36%	-
14	211	Miles Betts	Miles	Betts	CORVALLIS	Mt Hood	High School Boys	Male	17:20.0	+3:38.5	+26.60%	78.99%	13.47%	11.67%	12
15	253	Michal Hudak	Michal	Hudak	MT VIEW	Southern	High School Boys	Male	17:20.3	+3:38.8	+26.63%	78.97%	13.44%	11.64%	13
16	227	Riley Condon	Riley	Condon	MT VIEW	Southern	High School Boys	Male	17:26.0	+3:44.5	+27.33%	78.54%	12.97%	11.16%	14
17	237	Andrew Schneider	Andrew	Schneider		Independent TC	High School Boys	Male	17:28.4	+3:46.9	+27.62%	78.36%	12.77%	10.96%	-
18	226	Finneas Young	Finneas	Young	RV REDMOND	Northern	High School Boys	Male	17:28.5	+3:47.0	+27.63%	78.35%	12.76%	10.95%	15
19	223	Josiah Tranby	Josiah	Tranby	MT VIEW	Southern	High School Boys	Male	17:33.9	+3:52.4	+28.29%	77.95%	12.31%	10.49%	-
20	251	Benjamin Shaffer	Benjamin	Shaffer	MT VIEW	Southern	High School Boys	Male	17:38.9	+3:57.4	+28.90%	77.58%	11.89%	10.06%	-
21	222	Oliver Hackenbruck	Oliver	Hackenbruck	SUMMIT	Northern	High School Boys	Male	17:44.0	+4:02.5	+29.52%	77.21%	11.47%	9.63%	-
22	217	Colin Gerald	Colin	Gerald	HRV	Mt Hood	High School Boys	Male	17:57.8	+4:16.3	+31.20%	76.22%	10.32%	8.46%	16
23	257	Oliver Davis	Oliver	Davis	MT VIEW	Southern	High School Boys	Male	18:00.2	+4:18.7	+31.49%	76.05%	10.12%	8.26%	-
24	236	Max Chang	Max	Chang	BEND	Northern	High School Boys	Male	18:09.5	+4:28.0	+32.62%	75.40%	9.35%	7.47%	17
25	232	Nathan Schneiter	Nathan	Schneiter	BEND	Northern	High School Boys	Male	18:14.0	+4:32.5	+33.17%	75.09%	8.97%	7.08%	18
26	233	Ian MacSween	Ian	MacSween	CALDERA	Southern	High School Boys	Male	18:28.1	+4:46.6	+34.89%	74.14%	7.80%	5.89%	19
27	255	Simon Rudolph	Simon	Rudolph	BEND	Northern	High School Boys	Male	18:35.8	+4:54.3	+35.82%	73.62%	7.16%	5.23%	20
28	231	Kian Fineran	Kian	Fineran	RPA	Northern	High School Boys	Male	18:37.5	+4:56.0	+36.03%	73.51%	7.02%	5.09%	21
29	244	Samuel Weed	Samuel	Weed	MT VIEW	Southern	High School Boys	Male	18:39.7	+4:58.2	+36.30%	73.37%	6.83%	4.90%	-
30	264	Miles Rydstrom	Miles	Rydstrom	CALDERA	Southern	High School Boys	Male	18:50.6	+5:09.1	+37.63%	72.66%	5.93%	3.97%	22
31	245	Atticus Gorski	Atticus	Gorski		Independent TC	High School Boys	Male	18:51.6	+5:10.1	+37.75%	72.60%	5.84%	3.89%	-
32	235	Fisher Olin	Fisher	Olin	BEND	Northern	High School Boys	Male	18:54.7	+5:13.2	+38.13%	72.40%	5.59%	3.63%	23
33	272	Elias Cunningham	Elias	Cunningham	RV REDMOND	Northern	High School Boys	Male	18:56.3	+5:14.8	+38.32%	72.30%	5.45%	3.49%	24
34	225	Ben Hayner	Ben	Hayner	SISTERS	Northern	High School Boys	Male	18:57.9	+5:16.4	+38.51%	72.19%	5.32%	3.35%	25
35	263	Wyatt Holmberg	Wyatt	Holmberg	BEND	Northern	High School Boys	Male	19:05.0	+5:23.5	+39.38%	71.75%	4.73%	2.75%	-
36	273	Rex Wadsworth	Rex	Wadsworth	BEND	Northern	High School Boys	Male	19:09.1	+5:27.6	+39.88%	71.49%	4.39%	2.40%	-
37	243	Theodore White-Moore	Theodore	White-Moore	S EUGENE	Southern	High School Boys	Male	19:12.7	+5:31.2	+40.32%	71.27%	4.09%	2.10%	26
38	252	Bjørn Swanson	Bjørn	Swanson	HRV	Mt Hood	High School Boys	Male	19:15.3	+5:33.8	+40.63%	71.11%	3.87%	1.88%	27
39	276	Clement (Lem) White-Moore	Clement (Lem)	White-Moore	S EUGENE	Southern	High School Boys	Male	19:25.0	+5:43.5	+41.81%	70.52%	3.06%	1.05%	28
40	221	Harrison Swift	Harrison	Swift	RV REDMOND	Northern	High School Boys	Male	19:37.4	+5:55.9	+43.32%	69.77%	2.03%	0.00%	29
41	256	Teo Galicia	Teo	Galicia	ASHLAND	Southern	High School Boys	Male	19:44.9	+6:03.4	+44.24%	69.33%	1.41%	-0.64%	30
42	265	Haven Costello	Haven	Costello	SUMMIT	Northern	High School Boys	Male	19:45.9	+6:04.4	+44.36%	69.27%	1.33%	-0.72%	-
43	261	Thane Georgeton	Thane	Georgeton	BEND	Northern	High School Boys	Male	19:51.3	+6:09.8	+45.02%	68.96%	0.88%	-1.18%	-
44	284	Eli Pixton	Eli	Pixton	CALDERA	Southern	High School Boys	Male	20:09.9	+6:28.4	+47.28%	67.90%	-0.67%	-2.76%	31
45	254	Griffin Doering	Griffin	Doering	SUMMIT	Northern	High School Boys	Male	20:17.6	+6:36.1	+48.22%	67.47%	-1.31%	-3.41%	-
46	334	Benjamin Carleski	Benjamin	Carleski	CORVALLIS	Mt Hood	High School Boys	Male	20:45.8	+7:04.3	+51.65%	65.94%	-3.66%	-5.81%	32
47	312	Alexander Rhoads	Alexander	Rhoads	SISTERS	Northern	High School Boys	Male	20:53.4	+7:11.9	+52.57%	65.54%	-4.29%	-6.45%	33
48	262	Tate Shays	Tate	Shays	HRV	Mt Hood	High School Boys	Male	20:57.0	+7:15.5	+53.01%	65.35%	-4.59%	-6.76%	34
49	285	Mason Jeffiries	Mason	Jeffiries	MT VIEW	Southern	High School Boys	Male	20:58.8	+7:17.3	+53.23%	65.26%	-4.74%	-6.91%	-
50	297	Aksel Miller	Aksel	Miller	MT VIEW	Southern	High School Boys	Male	21:14.5	+7:33.0	+55.14%	64.46%	-6.05%	-8.25%	-
51	271	Everett Jones	Everett	Jones	S EUGENE	Southern	High School Boys	Male	21:16.3	+7:34.8	+55.36%	64.37%	-6.20%	-8.40%	35
52	326	Dylan Kamm	Dylan	Kamm	RPA	Northern	High School Boys	Male	21:24.9	+7:43.4	+56.41%	63.93%	-6.91%	-9.13%	36
53	313	Sterling Phelps	Sterling	Phelps	SISTERS	Northern	High School Boys	Male	21:28.1	+7:46.6	+56.80%	63.78%	-7.18%	-9.40%	37
54	301	Landon Martin	Landon	Martin	MT VIEW	Southern	High School Boys	Male	21:30.0	+7:48.5	+57.03%	63.68%	-7.34%	-9.56%	-
55	315	Torin Guerrero	Torin	Guerrero	MT VIEW	Southern	High School Boys	Male	21:30.2	+7:48.7	+57.05%	63.67%	-7.35%	-9.58%	-
56	325	Green Sutton	Green	Sutton	HRV	Mt Hood	High School Boys	Male	21:38.8	+7:57.3	+58.10%	63.25%	-8.07%	-10.31%	38
57	314	Judah Tsypin	Judah	Tsypin	HRV	Mt Hood	High School Boys	Male	21:46.2	+8:04.7	+59.00%	62.89%	-8.68%	-10.94%	-
58	277	Hayden Beard	Hayden	Beard	RV REDMOND	Northern	High School Boys	Male	21:47.1	+8:05.6	+59.11%	62.85%	-8.76%	-11.02%	39
59	282	Finn Stancliff	Finn	Stancliff	RV REDMOND	Northern	High School Boys	Male	21:48.8	+8:07.3	+59.32%	62.77%	-8.90%	-11.16%	40
60	316	Samuel Harvey	Samuel	Harvey	MT VIEW	Southern	High School Boys	Male	21:57.1	+8:15.6	+60.33%	62.37%	-9.59%	-11.87%	-
61	281	Oscar Desmond-Cieslowski	Oscar	Desmond-Cieslowski	BEND	Northern	High School Boys	Male	22:04.0	+8:22.5	+61.17%	62.05%	-10.16%	-12.45%	-
62	295	Talan Chroninger	Talan	Chroninger	MT VIEW	Southern	High School Boys	Male	22:04.9	+8:23.4	+61.28%	62.00%	-10.24%	-12.53%	-
63	317	Soleimon Kasubhai	Soleimon	Kasubhai	S EUGENE	Southern	High School Boys	Male	22:18.2	+8:36.7	+62.90%	61.39%	-11.35%	-13.66%	41
64	293	Andrew Mauch	Andrew	Mauch	BEND	Northern	High School Boys	Male	22:18.7	+8:37.2	+62.96%	61.37%	-11.39%	-13.70%	-
65	322	Jude Potter	Jude	Potter	RPA	Northern	High School Boys	Male	22:58.4	+9:16.9	+67.79%	59.60%	-14.69%	-17.07%	42
66	303	Solomon Towne	Solomon	Towne	MT VIEW	Southern	High School Boys	Male	23:18.3	+9:36.8	+70.21%	58.75%	-16.35%	-18.76%	-
67	307	Graysen Stom	Graysen	Stom	SUMMIT	Northern	High School Boys	Male	23:24.0	+9:42.5	+70.91%	58.51%	-16.82%	-19.25%	-
68	336	Eli Newman	Eli	Newman	ASHLAND	Southern	High School Boys	Male	24:02.2	+10:20.7	+75.56%	56.96%	-20.00%	-22.49%	43
69	311	Lucas Creighton	Lucas	Creighton	CALDERA	Southern	High School Boys	Male	24:05.4	+10:23.9	+75.95%	56.84%	-20.27%	-22.76%	44
70	291	Timothy Polishchuk	Timothy	Polishchuk	S EUGENE	Southern	High School Boys	Male	24:14.5	+10:33.0	+77.05%	56.48%	-21.02%	-23.53%	45
71	274	Forrest Diem	Forrest	Diem	HRV	Mt Hood	High School Boys	Male	24:39.1	+10:57.6	+80.05%	55.54%	-23.07%	-25.62%	-
72	324	Logan Heyting	Logan	Heyting	RPA	Northern	High School Boys	Male	24:57.2	+11:15.7	+82.25%	54.87%	-24.58%	-27.16%	46
73	335	Emmett Coughlan	Emmett	Coughlan	S EUGENE	Southern	High School Boys	Male	24:59.2	+11:17.7	+82.50%	54.80%	-24.74%	-27.33%	-
74	332	Charlie Coughlan	Charlie	Coughlan	S EUGENE	Southern	High School Boys	Male	25:30.3	+11:48.8	+86.28%	53.68%	-27.33%	-29.97%	-
75	292	James Snyder	James	Snyder	RV REDMOND	Northern	High School Boys	Male	26:56.7	+13:15.2	+96.80%	50.81%	-34.52%	-37.31%	-
76	288	Jayden Tranby	Jayden	Tranby	MT VIEW	Southern (OFS)	High School Boys	Male	26:59.5	+13:18.0	+97.14%	50.73%	-34.75%	-37.55%	-
77	323	Cj Waite	Cj	Waite	RV REDMOND	Northern	High School Boys	Male	27:18.3	+13:36.8	+99.43%	50.14%	-36.32%	-39.15%	-
78	305	Andrew Schram	Andrew	Schram	S EUGENE	Southern	High School Boys	Male	27:37.0	+13:55.5	+101.70%	49.58%	-37.87%	-40.73%	-
79	321	Navid Weinstein	Navid	Weinstein	MT VIEW	Southern	High School Boys	Male	27:44.9	+14:03.4	+102.67%	49.34%	-38.53%	-41.40%	-
-	234	Milo Krigbaum	Milo	Krigbaum	BEND	Northern	High School Boys	Male	DNS	-	-	-	-	-	-
-	267	Sami Gomez	Sami	Gomez	BEND	Northern	High School Boys	Male	DNS	-	-	-	-	-	-
-	275	Sebastian Mente	Sebastian	Mente	RPA	Northern	High School Boys	Male	DNS	-	-	-	-	-	-
-	283	Connall McMullen	Connall	McMullen	MT VIEW	Southern	High School Boys	Male	DNS	-	-	-	-	-	-
-	287	Johann Dechet-Wetzel	Johann	Dechet-Wetzel		Independent TC	High School Boys	Male	DNS	-	-	-	-	-	-
-	296	Andrew Boyd	Andrew	Boyd	SUMMIT	Northern	High School Boys	Male	DNS	-	-	-	-	-	-
-	304	Owen Goodman	Owen	Goodman	SUMMIT	Northern	High School Boys	Male	DNS	-	-	-	-	-	-
-	327	Lucas Amarotico	Lucas	Amarotico	ASHLAND	Southern	High School Boys	Male	DNS	-	-	-	-	-	-
